id_ocene,id_uporabnika,id_album,ocena,cas
1,rpittet0,41GuZcammIkupMPKH2OJ6I,3,6/20/2022
2,mbennion1,6i6folBtxKV28WX3msQ4FE,4,7/4/2022
3,ycade2,1ATL5GLyefJaxhQzSPVrLX,10,8/24/2022
4,mmattacks3,6trNtQUgC8cgbWcqoMYkOR,4,5/6/2022
5,cspehr4,1qsQOC4Jn0fnaUZLAbs4dz,10,2/8/2023
6,ljeacop5,4iF44RCCybJtkBkMoqrLW2,9,7/23/2022
7,tfardy6,6tkjU4Umpo79wwkgPMV3nZ,5,1/24/2023
8,tdavidavidovics7,3tx8gQqWbGwqIGZHqDNrGe,1,4/11/2022
9,pbarti8,4KdtEKjY3Gi0mKiSdy96ML,9,1/23/2023
10,dbriat9,3JfSxDfmwS5OeHPwLSkrfr,10,3/8/2022
11,dferenca,50yFYgKdwJANZ5O9MIbMkg,10,12/29/2022
12,araubenheimersb,2Ti79nwTsont5ZHfdxIzAm,9,2/6/2023
13,fhaffardc,3T4tUhGYeRNVUGevb0wThu,4,6/23/2022
14,gscuffhamd,7fRrTyKvE4Skh93v97gtcU,1,2/3/2023
15,ealfonsettie,3HNnxK7NgLXbDoxRZxNWiR,10,2/10/2022
16,afennerf,1WMVvswNzB9i2UMh9svso5,10,7/26/2022
17,favramovg,5s0rmjP8XOPhP6HhqOhuyC,5,4/22/2022
18,bhowgegoh,6kf46HbnYCZzP6rjvQHYzg,3,7/29/2022
19,prufflii,33pt9HBdGlAbRGBHQgsZsU,6,10/2/2022
20,dsauraj,2acDkDTWdNFie1HjcFa4Ny,7,1/15/2023
21,jlohdenk,5VdyJkLe3yvOs0l4xXbWp0,3,6/19/2022
22,dmilnesl,2lATw9ZAVp7ILQcOKPCPqp,10,8/2/2022
23,gkimblingm,2VP96XdMOKTXefI8Nui23s,7,9/11/2022
24,mbromidgen,4UNwL1B7JoymNUiTFJa52B,6,8/9/2022
25,amaccaugheno,4eLPsYPBmXABThSJ821sqY,3,6/28/2022
26,ftuffellp,6DEjYFkNZh67HP7R9PSZvv,1,8/15/2022
27,obirtq,7yf9ZJyHRbp8sHtpDKfPpt,6,12/11/2022
28,hbranfordr,0ETFjACtuP2ADo6LFhL6HN,3,1/13/2023
29,deleners,6ZvDJs17O3woQirttKRYCG,10,5/30/2022
30,jpolkt,6X1x82kppWZmDzlXXK3y3q,6,2/18/2022
31,bmordecaiu,1zUY4PAFrNUOCeaEBrEHzh,7,4/19/2022
32,dedgeleyv,63MKT9hwmiMFFdFp5SdB1p,10,3/17/2023
33,ecolleltonw,2vD3zSQr8hNlg0obNel4TE,4,4/13/2022
34,mhodcroftx,1KOmHyNLuOe5YrPhD3Juuf,3,3/21/2023
35,xdytey,4PgleR09JVnm3zY1fW3XBA,2,3/10/2023
36,jhillinz,1uG9cIT7IRuq9NqFvKFUsI,5,9/29/2022
37,dsimcock10,40GMAhriYJRO1rsY4YdrZb,5,2/12/2022
38,rmardy11,6nxDQi0FeEwccEPJeNySoS,6,2/10/2023
39,bdakhov12,4Wv5UAieM1LDEYVq5WmqDd,1,2/18/2022
40,bbrenston13,7GjG91tyHQNGEHzKJaqOi0,7,3/26/2023
41,kbetun14,1xn54DMo2qIqBuMqHtUsFd,6,4/20/2022
42,cpaulton15,2ODvWsOgouMbaA5xf0RkJe,2,4/16/2023
43,mmurney16,1lXY618HWkwYKJWBRYR4MK,1,1/31/2023
44,esmitheram17,7viNUmZZ8ztn2UB4XB3jIL,1,1/30/2023
45,apierrepoint18,0SukGZiXMtmsZoxstkBtNR,7,1/8/2023
46,cotteridge19,1yGbNOtRIgdIiGHOEBaZWf,4,8/13/2022
47,chugh1a,42WVQWuf1teDysXiOupIZt,5,3/24/2023
48,fdytham1b,3zak0kNLcOY5vFcB3Ipskp,10,9/21/2022
49,isandeson1c,7vEJAtP3KgKSpOHVgwm3Eh,10,2/8/2022
50,joger1d,3OZgEywV4krCZ814pTJWr7,9,5/4/2022
51,lmcgowing1e,0P3oVJBFOv3TDXlYRhGL7s,3,3/31/2022
52,fceschini1f,6QaVfG1pHYl1z15ZxkvVDW,2,10/24/2022
53,cbodill1g,4UlGauD7ROb3YbVOFMgW5u,3,8/21/2022
54,handras1h,4s05NbwGgw5SO42AdsN5Oo,3,3/28/2022
55,vpudney1i,08jWgM4vSkTose4blKBWov,1,1/14/2023
56,jandrault1j,2ZUFSbIkmFkGag000RWOpA,7,3/22/2022
57,mnewey1k,5pQwQRnQOuKrbVUVnGMEN4,10,6/3/2022
58,ipickthorne1l,6J84szYCnMfzEcvIcfWMFL,7,11/24/2022
59,abeert1m,3wBabo4pmzsYjALMSKY7Iq,9,2/19/2023
60,sharlow1n,3TJz2UBNYJtlEly0sPeNrQ,3,5/1/2022
61,bstable1o,3vpXJ54S3MXLyzysw8qq7c,6,3/13/2023
62,bspracklin1p,5OZJflQcQCdZLQjtUudCin,5,1/5/2023
63,mrastall1q,5fPglEDz9YEwRgbLRvhCZy,2,8/18/2022
64,pheintsch1r,750APP0eKVlcgOxaZnBnVt,8,10/6/2022
65,mendecott1s,0ptlfJfwGTy0Yvrk14JK1I,2,9/12/2022
66,cbenne1t,6Fr2rQkZ383FcMqFyT7yPr,2,5/17/2022
67,mshewen1u,5rbJtzuXtpIP0Ykk7ewIit,3,10/10/2022
68,nratke1v,5BGzOpea6At0Nd7tYtYZOP,6,4/7/2022
69,dorrice1w,4JPguzRps3kuWDD5GS6oXr,3,2/10/2023
70,bcartmer1x,39P7VD7qlg3Z0ltq60eHp7,7,1/10/2023
71,hserrell1y,47BiFcV59TQi2s9SkBo2pb,6,7/28/2022
72,hklimus1z,7oc6i8xUILaWwQ5BJMZS3c,1,4/15/2023
73,scouve20,7gsWAHLeT0w7es6FofOXk1,10,1/15/2023
74,hputnam21,5kprdYds6oZb4iSldfflOT,4,4/6/2023
75,vjermy22,6Ew52HWkgfbth9ihRAq2Xd,1,12/23/2022
76,ahickinbottom23,0U6ldwLBEMkwgfQRY4V6D2,10,4/12/2023
77,jdoorly24,2cWBwpqMsDJC1ZUwz813lo,9,4/19/2023
78,esickamore25,71QyofYesSsRMwFOTafnhB,9,10/28/2022
79,mheindl26,4PWBTB6NYSKQwfo79I3prg,2,11/12/2022
80,cmccosker27,2jJfnAZE6IG3oYnUv2eCj4,3,1/13/2023
81,cduffan28,3HHp5I6Q6SEyU5bkvoCtnV,2,4/12/2022
82,mlillicrop29,6rRFeV6xigfNyPoZ6YqcoW,6,8/24/2022
83,abergstrand2a,22rp3PnM3q2mtTI0OGCzpq,3,1/20/2023
84,saggus2b,2FTS6a6DLXMNp8flyA0HGO,3,1/30/2023
85,vpresdie2c,20r762YmB5HeofjMCiPMLv,5,7/18/2022
86,gkoomar2d,7Dj0aaKI4RpehMPqOu56mW,8,12/5/2022
87,cfernie2e,4jTYApZPMapg56gRycOn0D,2,9/13/2022
88,jsummerscales2f,0fUy6IdLHDpGNwavIlhEsl,6,2/18/2023
89,gmazey2g,6opJjTuHd4tQ1h2qrus7jH,10,3/2/2023
90,dfawley2h,0xi4cOWPUHjctyYU8ypCOB,8,3/14/2023
91,anajara2i,6MoaDh76Fsg0ogW2l7HAFx,6,3/15/2022
92,imaskew2j,0CnQ0JQajNswRjPkNYVG8m,7,4/10/2023
93,jpindar2k,3CCnGldVQ90c26aFATC1PW,1,2/20/2022
94,kivushkin2l,1NfrmcXk8xNennyxQ57JcW,6,10/29/2022
95,efinlaison2m,5EbpxRwbbpCJUepbqVTZ1U,10,5/22/2022
96,spenticost2n,7dK54iZuOxXFarGhXwEXfF,3,10/13/2022
97,kmacscherie2o,0fhmJYVhW0e4i33pCLPA5i,9,7/20/2022
98,mkapelhof2p,3EzFY9Rg0PpbADMth746zi,4,6/25/2022
99,mmickelwright2q,35S1JCj5paIfElT2GODl6x,8,12/23/2022
100,cschapero2r,40XGTQ7FN6Y3dZXJhKBe96,10,1/26/2023
101,rbernardez2s,66J1OXSaS3hBZASOV3el8t,7,12/13/2022
102,tivanishev2t,47oyrKaeobswT4T8zyaxdM,5,4/13/2023
103,ipretti2u,58ufpQsJ1DS5kq4hhzQDiI,10,3/25/2023
104,jellyatt2v,3LpIwZdzFwc10psLingT8x,5,2/21/2022
105,hocloney2w,75fT8UQEDnekHNhRnbdpNI,2,5/25/2022
106,nbillingham2x,7ycBtnsMtyVbbwTfJwRjSP,9,8/30/2022
107,gtash2y,51KZKzPd3OQT1r46a55VTt,1,7/14/2022
108,fjosling2z,6Ar2o9KCqcyYF9J0aQP3au,1,11/28/2022
109,hbrignall30,0AvTcYvLE30zb3qIwxzf3o,10,4/13/2022
110,abreitling31,2sPYPyDFwgi1jrRTGhoxq2,7,10/22/2022
111,jparffrey32,12nlJpvrOd7tTOaCxB1UeR,4,4/18/2023
112,jplacido33,0v94MG5nbp4w6xdeFkfQrA,4,3/8/2022
113,fbarden34,2dBgWXp41imu2zBNv9oFxZ,1,3/25/2022
114,lkehri35,6EVYTRG1drKdO8OnIQBeEj,6,2/21/2022
115,cyeowell36,3jJKDKdlwRS584zUlHV2Ly,1,9/18/2022
116,mroskrug37,13WjgUEEAQp0d9JqojlWp1,5,12/7/2022
117,cglamart38,7EpUpNUkkEGnaCvkcn1j4H,4,4/12/2023
118,pskeggs39,7LF4N7lvyDhrPBuCJ1rplJ,7,2/17/2023
119,awarren3a,1gIC63gC3B7o7FfpPACZQJ,1,3/19/2023
120,jgorthy3b,6kTIdOmlTbxh7vzNwb4n0L,7,6/30/2022
121,wwonham3c,0n9SWDBEftKwq09B01Pwzw,10,10/27/2022
122,cboyd3d,7bSsdgWDh5VRI3ZVOXQEj4,7,4/8/2022
123,hsloegrave3e,17FnTn4P3Bkyf6mbNQDhhy,5,2/18/2022
124,nhucke3f,0VWmEVuQ8tA5iA3cCTrgxa,8,10/1/2022
125,fenticott3g,0uMIzWh1uEpHEBell4rlF8,9,12/23/2022
126,lsterte3h,5pLlGJrxuQO3jMoQe1XxZY,6,8/25/2022
127,nwhitelock3i,5smHQ1uTrerU8DyRaqTyxh,10,5/20/2022
128,mjaye3j,0kL3TYRsSXnu0iJvFO3rud,1,10/23/2022
129,sblackster3k,2G24iquUtWrS3H36y5T1HO,7,8/6/2022
130,afoggarty3l,2z4c8M8aVzl7CTobIp36KF,10,4/1/2022
131,mdowdell3m,6t7956yu5zYf5A829XRiHC,5,2/8/2023
132,lblakemore3n,6agmeioaDOBupymziJihgB,3,2/28/2022
133,cgeorgeot3o,7qvA0kf1dkmR1As2gOnBPn,2,12/11/2022
134,kisbell3p,77UW17CZFyCaRLHdHeofZu,10,3/8/2023
135,gthirkettle3q,5ll74bqtkcXlKE7wwkMq4g,5,6/18/2022
136,tfice3r,0vE6mttRTBXRe9rKghyr1l,2,2/27/2023
137,vthomassin3s,61Ba3txRZWfiX6ZTEZlFCV,4,8/20/2022
138,vlukesch3t,4sAB9WulPpnAcig7alDGTg,9,4/1/2023
139,ceassom3u,4Uv86qWpGTxf7fU7lG5X6F,10,3/11/2022
140,gvuittet3v,6oxVabMIqCMJRYN1GqR3Vf,1,5/16/2022
141,podoherty3w,1yZC8xZwv4gsmCZ4p4JWdI,10,3/25/2022
142,slongson3x,3LByoNjO4gbuX5D0u26LDY,2,11/9/2022
143,jwoodwind3y,50o7kf2wLwVmOTVYJOTplm,8,3/27/2023
144,cstoddart3z,4frjaGAtuBmm8CPuYPY4oG,10,3/31/2023
145,cskittrall40,70f70xLCpH7wHaVvB2oZT9,8,12/12/2022
146,mkeddey41,1zFp5Q3Dgo8wmKsmfZ23QX,8,11/14/2022
147,mevemy42,3hhDpPtCFuQbppwYgsVhMO,6,7/23/2022
148,lshotton43,1cTeNkeINtXiaMLlashAKs,8,8/22/2022
149,kboshier44,0BsMZIueWsJLWng8A7sE8e,2,10/17/2022
150,rlott45,2hyDesSAYNefikDJXlqhPE,4,5/19/2022
151,rpittet0,7D2NdGvBHIavgLhmcwhluK,6,9/3/2022
152,mbennion1,3Qq4kVfHPrs8xPKIYKmctl,10,2/28/2022
153,ycade2,6czdbbMtGbAkZ6ud2OMTcg,8,3/3/2022
154,mmattacks3,2w0Jen9XW2ouiCLb623G3y,3,6/24/2022
155,cspehr4,6PHs1TbnxnSHrRBh9XXTGf,8,9/28/2022
156,ljeacop5,3PRoXYsngSwjEQWR5PsHWR,1,7/21/2022
157,tfardy6,5rbqupVSYwvEmXBUnFtUf7,10,9/2/2022
158,tdavidavidovics7,1Ye7yrA7vAlQnoooj8yDXb,9,6/7/2022
159,pbarti8,6126O4XLYAfzU3961ziahP,8,6/29/2022
160,dbriat9,7vN82vd1Vq44fjlhjfvHJp,2,3/30/2023
161,dferenca,21dd5QyItuoqvPkViQXlKf,6,3/21/2022
162,araubenheimersb,1GbtB4zTqAsyfZEsm1RZfx,8,3/18/2023
163,fhaffardc,2P0JJ9p0o3unqi6EK4iDQw,9,5/1/2022
164,gscuffhamd,2EowTulHWqSY6QZfTDf5vW,6,1/1/2023
165,ealfonsettie,7tsXPtLqhab1zWeubbf6JH,10,9/1/2022
166,afennerf,7MZzYkbHL9Tk3O6WeD4Z0Z,8,12/18/2022
167,favramovg,6Pqlfg42Sc3ElNuyt5NUiK,5,9/15/2022
168,bhowgegoh,4bTjdxhRRUiWfwj200f9Kl,10,3/12/2023
169,prufflii,5PKYeoSKEVQd7ZTnwnWRn7,6,12/6/2022
170,dsauraj,4yz9rO7Q1UC2rK5eLOxmS7,8,7/1/2022
171,jlohdenk,4KYcffwC5HgjJLdpQU9SjC,10,5/5/2022
172,dmilnesl,1MJ0UQh7nta4JGuFYW4gCg,3,3/19/2022
173,gkimblingm,6fABwONLawdFjkDpLx41j8,3,4/8/2023
174,mbromidgen,4AGQTp6rk7v8fPbFu739l7,1,6/8/2022
175,amaccaugheno,2g1EakEaW7fPTZC6vBmBCn,2,9/8/2022
176,ftuffellp,3BmcYMh0KYsimWL6p2gPa9,7,4/9/2023
177,obirtq,6Hu1DObY1WeKWxHfeaOcFg,8,9/14/2022
178,hbranfordr,65CquQgUA42ecr7n6bGtOI,5,11/8/2022
179,deleners,0XRZpF083HqgygM0v1hQyE,4,4/27/2022
180,jpolkt,3JSWZWeTHF4HDGt5Eozdy7,2,12/23/2022
181,bmordecaiu,5jem47f4IRH6UaxNAWO6vD,4,4/21/2022
182,dedgeleyv,3evsUmSaqqRzNeOTzuhpBP,10,9/13/2022
183,ecolleltonw,6df0qvkMXoyHGt9J8cujZb,9,3/7/2023
184,mhodcroftx,7slHgsEMuJfnuft5LAPyw6,3,6/20/2022
185,xdytey,1Gnrd76EubInPV4KjOJ1Zr,1,4/10/2023
186,jhillinz,2ydmGsz8W6qDq2UgotdxzR,8,2/2/2023
187,dsimcock10,3KzAvEXcqJKBF97HrXwlgf,10,7/14/2022
188,rmardy11,1aYdiJk6XKeHWGO3FzHHTr,1,8/17/2022
189,bdakhov12,7uGmyYwDFJbSc1xs4hkEs2,8,10/24/2022
190,bbrenston13,3JFdUloxNYTVuNlr8mXEHB,5,12/22/2022
191,kbetun14,2wi0v7jPzYBCd99GggLtN8,5,4/3/2023
192,cpaulton15,3g09ln1DeyjtPhlITh8DzT,1,7/28/2022
193,mmurney16,20aDO05QIgZMY7BcKKI44D,3,3/30/2022
194,esmitheram17,3GmCXW10kLxmZrEY0JpRlw,4,6/12/2022
195,apierrepoint18,3WFTGIO6E3Xh4paEOBY9OU,10,2/5/2023
196,cotteridge19,6nT2WJS6WHH86XRgkSK8yC,9,2/25/2023
197,chugh1a,6p5pW2WwgVECsOhrXPAyhI,2,12/30/2022
198,fdytham1b,0Zd10MKN5j9KwUST0TdBBB,4,11/19/2022
199,isandeson1c,0GarKYA3ebL7sQx7IP2SSt,9,3/12/2023
200,joger1d,1BfLzaTFI5qKsAAk0Ae6aV,3,1/4/2023
201,lmcgowing1e,2JdjS6jjOml7nt7Yjo0nnh,8,7/14/2022
202,fceschini1f,4FyGpObwABjn0o8Tdp7AZz,8,4/20/2022
203,cbodill1g,5i2HhIrYyMNQvmsBk9h8Im,9,1/11/2023
204,handras1h,0TmvUiHKnPR8tOyU6giI3V,9,3/8/2023
205,vpudney1i,41s8PPH5gEz7H8b8kbv5Y5,1,5/4/2022
206,jandrault1j,2nOW4KIsrMnoL4hJZRODKl,6,3/19/2023
207,mnewey1k,75s3OxagI6DX8OKLKymPLN,6,2/8/2023
208,ipickthorne1l,4l0xO28Y37MBBXQEcBIbXQ,9,3/27/2023
209,abeert1m,3Lf8VA23cMAl5imbABTZoo,2,4/10/2023
210,sharlow1n,1pBBIxK5yURfbv8Xd5lta1,3,3/20/2023
211,bstable1o,391ScNR3xKywWSpfDwP3n0,1,7/2/2022
212,bspracklin1p,0pipZo4jBQ2hA4HphdFccg,5,10/2/2022
213,mrastall1q,5kffKW0sSLo6tkLg1veUGC,3,6/1/2022
214,pheintsch1r,1AvXa8xFEXtR3hb4bgihIK,5,11/29/2022
215,mendecott1s,7kiDOzNkoKCEgqGZrpPrej,3,10/18/2022
216,cbenne1t,0pEfDPZko6TnNOgrZMe5nn,1,11/2/2022
217,mshewen1u,5RS9xkMuDmeVISqGDBmnSa,10,7/10/2022
218,nratke1v,6reTSIf5MoBco62rk8T7Q1,2,2/25/2022
219,dorrice1w,58alCatewkjNm9IM1Ucj67,7,11/15/2022
220,bcartmer1x,4r9kNse038AoF2KfbqPUOS,9,7/27/2022
221,hserrell1y,2yuTRGIackbcReLUXOYBqU,3,3/16/2023
222,hklimus1z,7tB40pGzj6Tg0HePj2jWZt,8,8/17/2022
223,scouve20,4KZGe18wZJbXL6JLW4KyLc,4,5/11/2022
224,hputnam21,64vx3cUb97lQGlgt8zozWL,9,2/12/2023
225,vjermy22,6KT8x5oqZJl9CcnM66hddo,10,4/23/2022
226,ahickinbottom23,1ONuDpN0a3zhCUyKCgtuzK,7,2/16/2022
227,jdoorly24,1J2BrRxtQjVUa7X9Ne99xD,3,5/31/2022
228,esickamore25,0yd01cU78rnlFXq6vRxPSR,1,8/10/2022
229,mheindl26,4qZBW3f2Q8y0k1A84d4iAO,1,4/13/2023
230,cmccosker27,6VCDStheOuhrQaoYbHP2iO,1,8/21/2022
231,cduffan28,2apbRBAafIKmcWwESmLHJi,3,11/8/2022
232,mlillicrop29,5uJqpJth89JzqPFt6vEzwF,10,2/15/2022
233,abergstrand2a,6yi7FjzeCHGVJJAdWRYAmk,9,4/3/2022
234,saggus2b,2OIDVh8ubFC6sJs5wpZMP9,10,4/20/2022
235,vpresdie2c,7vzYp7FrKnTRoktBYsx9SF,10,6/28/2022
236,gkoomar2d,4On0Hf7VJC1jz5gXY2cU8p,4,11/19/2022
237,cfernie2e,6wCttLq0ADzkPgtRnUihLV,8,2/27/2022
238,jsummerscales2f,0PT5m6hwPRrpBwIHVnvbFX,10,12/14/2022
239,gmazey2g,2BtE7qm1qzM80p9vLSiXkj,7,3/23/2022
240,dfawley2h,0wZJCeyfJ0LVrrtH4CwQYw,9,8/16/2022
241,anajara2i,0jTGHV5xqHPvEcwL8f6YU5,1,11/3/2022
242,imaskew2j,1LShhEEKRT5MNPcO7jtYHh,8,11/9/2022
243,jpindar2k,5fn6sCofBYgRn6OICMeDvr,1,5/12/2022
244,kivushkin2l,41GuZcammIkupMPKH2OJ6I,7,5/7/2022
245,efinlaison2m,6i6folBtxKV28WX3msQ4FE,1,6/16/2022
246,spenticost2n,1ATL5GLyefJaxhQzSPVrLX,2,1/27/2023
247,kmacscherie2o,6trNtQUgC8cgbWcqoMYkOR,5,2/19/2023
248,mkapelhof2p,1qsQOC4Jn0fnaUZLAbs4dz,6,4/21/2022
249,mmickelwright2q,4iF44RCCybJtkBkMoqrLW2,7,3/24/2023
250,cschapero2r,6tkjU4Umpo79wwkgPMV3nZ,1,12/27/2022
251,rbernardez2s,3tx8gQqWbGwqIGZHqDNrGe,6,10/9/2022
252,tivanishev2t,4KdtEKjY3Gi0mKiSdy96ML,2,2/19/2022
253,ipretti2u,3JfSxDfmwS5OeHPwLSkrfr,5,12/12/2022
254,jellyatt2v,50yFYgKdwJANZ5O9MIbMkg,6,3/27/2022
255,hocloney2w,2Ti79nwTsont5ZHfdxIzAm,9,3/13/2023
256,nbillingham2x,3T4tUhGYeRNVUGevb0wThu,6,3/9/2023
257,gtash2y,7fRrTyKvE4Skh93v97gtcU,3,3/18/2022
258,fjosling2z,3HNnxK7NgLXbDoxRZxNWiR,3,3/27/2023
259,hbrignall30,1WMVvswNzB9i2UMh9svso5,2,11/14/2022
260,abreitling31,5s0rmjP8XOPhP6HhqOhuyC,7,4/26/2022
261,jparffrey32,6kf46HbnYCZzP6rjvQHYzg,7,10/30/2022
262,jplacido33,33pt9HBdGlAbRGBHQgsZsU,6,4/26/2022
263,fbarden34,2acDkDTWdNFie1HjcFa4Ny,5,12/3/2022
264,lkehri35,5VdyJkLe3yvOs0l4xXbWp0,3,3/12/2023
265,cyeowell36,2lATw9ZAVp7ILQcOKPCPqp,4,5/9/2022
266,mroskrug37,2VP96XdMOKTXefI8Nui23s,6,11/29/2022
267,cglamart38,4UNwL1B7JoymNUiTFJa52B,3,3/6/2023
268,pskeggs39,4eLPsYPBmXABThSJ821sqY,8,1/2/2023
269,awarren3a,6DEjYFkNZh67HP7R9PSZvv,1,2/19/2023
270,jgorthy3b,7yf9ZJyHRbp8sHtpDKfPpt,5,2/11/2022
271,wwonham3c,0ETFjACtuP2ADo6LFhL6HN,6,8/27/2022
272,cboyd3d,6ZvDJs17O3woQirttKRYCG,6,6/24/2022
273,hsloegrave3e,6X1x82kppWZmDzlXXK3y3q,4,1/22/2023
274,nhucke3f,1zUY4PAFrNUOCeaEBrEHzh,6,10/10/2022
275,fenticott3g,63MKT9hwmiMFFdFp5SdB1p,8,7/7/2022
276,lsterte3h,2vD3zSQr8hNlg0obNel4TE,8,10/25/2022
277,nwhitelock3i,1KOmHyNLuOe5YrPhD3Juuf,4,4/5/2023
278,mjaye3j,4PgleR09JVnm3zY1fW3XBA,4,9/21/2022
279,sblackster3k,1uG9cIT7IRuq9NqFvKFUsI,10,7/13/2022
280,afoggarty3l,40GMAhriYJRO1rsY4YdrZb,7,8/5/2022
281,mdowdell3m,6nxDQi0FeEwccEPJeNySoS,2,2/26/2022
282,lblakemore3n,4Wv5UAieM1LDEYVq5WmqDd,5,6/30/2022
283,cgeorgeot3o,7GjG91tyHQNGEHzKJaqOi0,2,6/24/2022
284,kisbell3p,1xn54DMo2qIqBuMqHtUsFd,5,7/7/2022
285,gthirkettle3q,2ODvWsOgouMbaA5xf0RkJe,9,1/23/2023
286,tfice3r,1lXY618HWkwYKJWBRYR4MK,6,3/11/2022
287,vthomassin3s,7viNUmZZ8ztn2UB4XB3jIL,9,2/6/2023
288,vlukesch3t,0SukGZiXMtmsZoxstkBtNR,3,10/31/2022
289,ceassom3u,1yGbNOtRIgdIiGHOEBaZWf,5,4/21/2022
290,gvuittet3v,42WVQWuf1teDysXiOupIZt,9,8/30/2022
291,podoherty3w,3zak0kNLcOY5vFcB3Ipskp,4,3/10/2022
292,slongson3x,7vEJAtP3KgKSpOHVgwm3Eh,4,2/8/2022
293,jwoodwind3y,3OZgEywV4krCZ814pTJWr7,5,12/16/2022
294,cstoddart3z,0P3oVJBFOv3TDXlYRhGL7s,9,8/20/2022
295,cskittrall40,6QaVfG1pHYl1z15ZxkvVDW,2,8/4/2022
296,mkeddey41,4UlGauD7ROb3YbVOFMgW5u,1,7/29/2022
297,mevemy42,4s05NbwGgw5SO42AdsN5Oo,2,1/18/2023
298,lshotton43,08jWgM4vSkTose4blKBWov,4,7/24/2022
299,kboshier44,2ZUFSbIkmFkGag000RWOpA,10,11/12/2022
300,rlott45,5pQwQRnQOuKrbVUVnGMEN4,7,9/19/2022
301,rpittet0,6J84szYCnMfzEcvIcfWMFL,6,9/23/2022
302,mbennion1,3wBabo4pmzsYjALMSKY7Iq,3,4/7/2023
303,ycade2,3TJz2UBNYJtlEly0sPeNrQ,2,4/7/2023
304,mmattacks3,3vpXJ54S3MXLyzysw8qq7c,5,5/13/2022
305,cspehr4,5OZJflQcQCdZLQjtUudCin,7,11/28/2022
306,ljeacop5,5fPglEDz9YEwRgbLRvhCZy,10,3/1/2023
307,tfardy6,750APP0eKVlcgOxaZnBnVt,2,6/17/2022
308,tdavidavidovics7,0ptlfJfwGTy0Yvrk14JK1I,4,2/17/2022
309,pbarti8,6Fr2rQkZ383FcMqFyT7yPr,3,2/13/2022
310,dbriat9,5rbJtzuXtpIP0Ykk7ewIit,5,2/26/2023
311,dferenca,5BGzOpea6At0Nd7tYtYZOP,8,3/11/2022
312,araubenheimersb,4JPguzRps3kuWDD5GS6oXr,3,4/24/2022
313,fhaffardc,39P7VD7qlg3Z0ltq60eHp7,2,4/8/2023
314,gscuffhamd,47BiFcV59TQi2s9SkBo2pb,7,9/7/2022
315,ealfonsettie,7oc6i8xUILaWwQ5BJMZS3c,2,8/26/2022
316,afennerf,7gsWAHLeT0w7es6FofOXk1,8,4/4/2022
317,favramovg,5kprdYds6oZb4iSldfflOT,9,7/25/2022
318,bhowgegoh,6Ew52HWkgfbth9ihRAq2Xd,7,3/19/2022
319,prufflii,0U6ldwLBEMkwgfQRY4V6D2,8,3/10/2022
320,dsauraj,2cWBwpqMsDJC1ZUwz813lo,3,6/13/2022
321,jlohdenk,71QyofYesSsRMwFOTafnhB,9,9/26/2022
322,dmilnesl,4PWBTB6NYSKQwfo79I3prg,2,10/15/2022
323,gkimblingm,2jJfnAZE6IG3oYnUv2eCj4,7,3/30/2023
324,mbromidgen,3HHp5I6Q6SEyU5bkvoCtnV,7,3/5/2022
325,amaccaugheno,6rRFeV6xigfNyPoZ6YqcoW,10,10/31/2022
326,ftuffellp,22rp3PnM3q2mtTI0OGCzpq,3,5/18/2022
327,obirtq,2FTS6a6DLXMNp8flyA0HGO,5,12/4/2022
328,hbranfordr,20r762YmB5HeofjMCiPMLv,1,8/23/2022
329,deleners,7Dj0aaKI4RpehMPqOu56mW,8,11/17/2022
330,jpolkt,4jTYApZPMapg56gRycOn0D,7,2/20/2023
331,bmordecaiu,0fUy6IdLHDpGNwavIlhEsl,6,3/11/2023
332,dedgeleyv,6opJjTuHd4tQ1h2qrus7jH,4,10/10/2022
333,ecolleltonw,0xi4cOWPUHjctyYU8ypCOB,4,1/4/2023
334,mhodcroftx,6MoaDh76Fsg0ogW2l7HAFx,8,10/8/2022
335,xdytey,0CnQ0JQajNswRjPkNYVG8m,9,1/20/2023
336,jhillinz,3CCnGldVQ90c26aFATC1PW,2,10/12/2022
337,dsimcock10,1NfrmcXk8xNennyxQ57JcW,1,4/14/2022
338,rmardy11,5EbpxRwbbpCJUepbqVTZ1U,3,8/13/2022
339,bdakhov12,7dK54iZuOxXFarGhXwEXfF,1,11/18/2022
340,bbrenston13,0fhmJYVhW0e4i33pCLPA5i,7,1/5/2023
341,kbetun14,3EzFY9Rg0PpbADMth746zi,5,11/29/2022
342,cpaulton15,35S1JCj5paIfElT2GODl6x,1,6/24/2022
343,mmurney16,40XGTQ7FN6Y3dZXJhKBe96,9,10/19/2022
344,esmitheram17,66J1OXSaS3hBZASOV3el8t,2,8/5/2022
345,apierrepoint18,47oyrKaeobswT4T8zyaxdM,10,6/18/2022
346,cotteridge19,58ufpQsJ1DS5kq4hhzQDiI,4,8/1/2022
347,chugh1a,3LpIwZdzFwc10psLingT8x,6,3/29/2023
348,fdytham1b,75fT8UQEDnekHNhRnbdpNI,1,5/5/2022
349,isandeson1c,7ycBtnsMtyVbbwTfJwRjSP,5,4/3/2023
350,joger1d,51KZKzPd3OQT1r46a55VTt,4,2/11/2022
351,lmcgowing1e,6Ar2o9KCqcyYF9J0aQP3au,7,8/21/2022
352,fceschini1f,0AvTcYvLE30zb3qIwxzf3o,8,2/6/2023
353,cbodill1g,2sPYPyDFwgi1jrRTGhoxq2,1,6/8/2022
354,handras1h,12nlJpvrOd7tTOaCxB1UeR,1,2/4/2023
355,vpudney1i,0v94MG5nbp4w6xdeFkfQrA,10,6/17/2022
356,jandrault1j,2dBgWXp41imu2zBNv9oFxZ,7,7/11/2022
357,mnewey1k,6EVYTRG1drKdO8OnIQBeEj,7,4/23/2022
358,ipickthorne1l,3jJKDKdlwRS584zUlHV2Ly,9,4/3/2023
359,abeert1m,13WjgUEEAQp0d9JqojlWp1,4,10/29/2022
360,sharlow1n,7EpUpNUkkEGnaCvkcn1j4H,8,2/13/2023
361,bstable1o,7LF4N7lvyDhrPBuCJ1rplJ,1,12/15/2022
362,bspracklin1p,1gIC63gC3B7o7FfpPACZQJ,5,3/17/2023
363,mrastall1q,6kTIdOmlTbxh7vzNwb4n0L,10,1/5/2023
364,pheintsch1r,0n9SWDBEftKwq09B01Pwzw,6,10/1/2022
365,mendecott1s,7bSsdgWDh5VRI3ZVOXQEj4,9,9/17/2022
366,cbenne1t,17FnTn4P3Bkyf6mbNQDhhy,9,5/14/2022
367,mshewen1u,0VWmEVuQ8tA5iA3cCTrgxa,9,6/9/2022
368,nratke1v,0uMIzWh1uEpHEBell4rlF8,1,4/20/2022
369,dorrice1w,5pLlGJrxuQO3jMoQe1XxZY,3,5/14/2022
370,bcartmer1x,5smHQ1uTrerU8DyRaqTyxh,7,3/23/2023
371,hserrell1y,0kL3TYRsSXnu0iJvFO3rud,5,11/27/2022
372,hklimus1z,2G24iquUtWrS3H36y5T1HO,8,12/26/2022
373,scouve20,2z4c8M8aVzl7CTobIp36KF,5,5/14/2022
374,hputnam21,6t7956yu5zYf5A829XRiHC,6,8/4/2022
375,vjermy22,6agmeioaDOBupymziJihgB,5,8/6/2022
376,ahickinbottom23,7qvA0kf1dkmR1As2gOnBPn,8,8/2/2022
377,jdoorly24,77UW17CZFyCaRLHdHeofZu,3,12/15/2022
378,esickamore25,5ll74bqtkcXlKE7wwkMq4g,1,12/7/2022
379,mheindl26,0vE6mttRTBXRe9rKghyr1l,4,7/3/2022
380,cmccosker27,61Ba3txRZWfiX6ZTEZlFCV,5,9/6/2022
381,cduffan28,4sAB9WulPpnAcig7alDGTg,9,11/13/2022
382,mlillicrop29,4Uv86qWpGTxf7fU7lG5X6F,7,4/27/2022
383,abergstrand2a,6oxVabMIqCMJRYN1GqR3Vf,8,3/1/2022
384,saggus2b,1yZC8xZwv4gsmCZ4p4JWdI,5,7/10/2022
385,vpresdie2c,3LByoNjO4gbuX5D0u26LDY,9,10/25/2022
386,gkoomar2d,50o7kf2wLwVmOTVYJOTplm,10,3/1/2023
387,cfernie2e,4frjaGAtuBmm8CPuYPY4oG,2,9/12/2022
388,jsummerscales2f,70f70xLCpH7wHaVvB2oZT9,6,10/2/2022
389,gmazey2g,1zFp5Q3Dgo8wmKsmfZ23QX,9,4/2/2023
390,dfawley2h,3hhDpPtCFuQbppwYgsVhMO,3,10/29/2022
391,anajara2i,1cTeNkeINtXiaMLlashAKs,7,1/16/2023
392,imaskew2j,0BsMZIueWsJLWng8A7sE8e,3,7/19/2022
393,jpindar2k,2hyDesSAYNefikDJXlqhPE,5,7/20/2022
394,kivushkin2l,7D2NdGvBHIavgLhmcwhluK,4,9/21/2022
395,efinlaison2m,3Qq4kVfHPrs8xPKIYKmctl,8,2/24/2022
396,spenticost2n,6czdbbMtGbAkZ6ud2OMTcg,7,3/1/2022
397,kmacscherie2o,2w0Jen9XW2ouiCLb623G3y,8,3/30/2022
398,mkapelhof2p,6PHs1TbnxnSHrRBh9XXTGf,8,10/15/2022
399,mmickelwright2q,3PRoXYsngSwjEQWR5PsHWR,6,8/14/2022
400,cschapero2r,5rbqupVSYwvEmXBUnFtUf7,3,3/4/2022
401,rbernardez2s,1Ye7yrA7vAlQnoooj8yDXb,9,11/3/2022
402,tivanishev2t,6126O4XLYAfzU3961ziahP,6,4/17/2023
403,ipretti2u,7vN82vd1Vq44fjlhjfvHJp,7,7/4/2022
404,jellyatt2v,21dd5QyItuoqvPkViQXlKf,5,11/5/2022
405,hocloney2w,1GbtB4zTqAsyfZEsm1RZfx,9,6/18/2022
406,nbillingham2x,2P0JJ9p0o3unqi6EK4iDQw,6,3/29/2023
407,gtash2y,2EowTulHWqSY6QZfTDf5vW,8,6/4/2022
408,fjosling2z,7tsXPtLqhab1zWeubbf6JH,5,1/5/2023
409,hbrignall30,7MZzYkbHL9Tk3O6WeD4Z0Z,6,4/17/2022
410,abreitling31,6Pqlfg42Sc3ElNuyt5NUiK,9,12/19/2022
411,jparffrey32,4bTjdxhRRUiWfwj200f9Kl,4,9/28/2022
412,jplacido33,5PKYeoSKEVQd7ZTnwnWRn7,6,2/23/2022
413,fbarden34,4yz9rO7Q1UC2rK5eLOxmS7,7,2/14/2023
414,lkehri35,4KYcffwC5HgjJLdpQU9SjC,6,6/15/2022
415,cyeowell36,1MJ0UQh7nta4JGuFYW4gCg,8,3/19/2022
416,mroskrug37,6fABwONLawdFjkDpLx41j8,1,2/18/2023
417,cglamart38,4AGQTp6rk7v8fPbFu739l7,3,10/5/2022
418,pskeggs39,2g1EakEaW7fPTZC6vBmBCn,8,12/24/2022
419,awarren3a,3BmcYMh0KYsimWL6p2gPa9,6,11/9/2022
420,jgorthy3b,6Hu1DObY1WeKWxHfeaOcFg,8,4/13/2022
421,wwonham3c,65CquQgUA42ecr7n6bGtOI,6,4/25/2022
422,cboyd3d,0XRZpF083HqgygM0v1hQyE,9,2/15/2022
423,hsloegrave3e,3JSWZWeTHF4HDGt5Eozdy7,7,6/22/2022
424,nhucke3f,5jem47f4IRH6UaxNAWO6vD,2,3/15/2022
425,fenticott3g,3evsUmSaqqRzNeOTzuhpBP,10,2/9/2023
426,lsterte3h,6df0qvkMXoyHGt9J8cujZb,2,6/10/2022
427,nwhitelock3i,7slHgsEMuJfnuft5LAPyw6,5,12/30/2022
428,mjaye3j,1Gnrd76EubInPV4KjOJ1Zr,7,2/23/2022
429,sblackster3k,2ydmGsz8W6qDq2UgotdxzR,8,3/5/2022
430,afoggarty3l,3KzAvEXcqJKBF97HrXwlgf,1,9/26/2022
431,mdowdell3m,1aYdiJk6XKeHWGO3FzHHTr,6,2/22/2022
432,lblakemore3n,7uGmyYwDFJbSc1xs4hkEs2,10,1/8/2023
433,cgeorgeot3o,3JFdUloxNYTVuNlr8mXEHB,7,4/14/2022
434,kisbell3p,2wi0v7jPzYBCd99GggLtN8,2,7/18/2022
435,gthirkettle3q,3g09ln1DeyjtPhlITh8DzT,5,3/23/2023
436,tfice3r,20aDO05QIgZMY7BcKKI44D,10,11/6/2022
437,vthomassin3s,3GmCXW10kLxmZrEY0JpRlw,2,2/18/2023
438,vlukesch3t,3WFTGIO6E3Xh4paEOBY9OU,3,12/28/2022
439,ceassom3u,6nT2WJS6WHH86XRgkSK8yC,10,4/13/2023
440,gvuittet3v,6p5pW2WwgVECsOhrXPAyhI,7,6/29/2022
441,podoherty3w,0Zd10MKN5j9KwUST0TdBBB,5,10/30/2022
442,slongson3x,0GarKYA3ebL7sQx7IP2SSt,9,1/12/2023
443,jwoodwind3y,1BfLzaTFI5qKsAAk0Ae6aV,1,8/16/2022
444,cstoddart3z,2JdjS6jjOml7nt7Yjo0nnh,4,4/29/2022
445,cskittrall40,4FyGpObwABjn0o8Tdp7AZz,10,7/6/2022
446,mkeddey41,5i2HhIrYyMNQvmsBk9h8Im,9,4/3/2022
447,mevemy42,0TmvUiHKnPR8tOyU6giI3V,4,6/23/2022
448,lshotton43,41s8PPH5gEz7H8b8kbv5Y5,9,11/25/2022
449,kboshier44,2nOW4KIsrMnoL4hJZRODKl,3,10/19/2022
450,rlott45,75s3OxagI6DX8OKLKymPLN,4,11/2/2022
451,rpittet0,4l0xO28Y37MBBXQEcBIbXQ,7,2/9/2022
452,mbennion1,3Lf8VA23cMAl5imbABTZoo,9,10/30/2022
453,ycade2,1pBBIxK5yURfbv8Xd5lta1,9,3/24/2022
454,mmattacks3,391ScNR3xKywWSpfDwP3n0,6,9/23/2022
455,cspehr4,0pipZo4jBQ2hA4HphdFccg,2,10/1/2022
456,ljeacop5,5kffKW0sSLo6tkLg1veUGC,9,11/22/2022
457,tfardy6,1AvXa8xFEXtR3hb4bgihIK,7,10/24/2022
458,tdavidavidovics7,7kiDOzNkoKCEgqGZrpPrej,8,4/19/2023
459,pbarti8,0pEfDPZko6TnNOgrZMe5nn,6,9/5/2022
460,dbriat9,5RS9xkMuDmeVISqGDBmnSa,10,7/31/2022
461,dferenca,6reTSIf5MoBco62rk8T7Q1,7,10/17/2022
462,araubenheimersb,58alCatewkjNm9IM1Ucj67,9,4/19/2022
463,fhaffardc,4r9kNse038AoF2KfbqPUOS,5,3/13/2022
464,gscuffhamd,2yuTRGIackbcReLUXOYBqU,6,3/18/2022
465,ealfonsettie,7tB40pGzj6Tg0HePj2jWZt,7,3/10/2022
466,afennerf,4KZGe18wZJbXL6JLW4KyLc,3,1/8/2023
467,favramovg,64vx3cUb97lQGlgt8zozWL,6,3/18/2023
468,bhowgegoh,6KT8x5oqZJl9CcnM66hddo,9,5/7/2022
469,prufflii,1ONuDpN0a3zhCUyKCgtuzK,5,1/13/2023
470,dsauraj,1J2BrRxtQjVUa7X9Ne99xD,6,5/6/2022
471,jlohdenk,0yd01cU78rnlFXq6vRxPSR,9,2/11/2022
472,dmilnesl,4qZBW3f2Q8y0k1A84d4iAO,2,10/23/2022
473,gkimblingm,6VCDStheOuhrQaoYbHP2iO,3,4/10/2022
474,mbromidgen,2apbRBAafIKmcWwESmLHJi,6,9/25/2022
475,amaccaugheno,5uJqpJth89JzqPFt6vEzwF,5,7/7/2022
476,ftuffellp,6yi7FjzeCHGVJJAdWRYAmk,10,11/15/2022
477,obirtq,2OIDVh8ubFC6sJs5wpZMP9,5,9/15/2022
478,hbranfordr,7vzYp7FrKnTRoktBYsx9SF,9,10/21/2022
479,deleners,4On0Hf7VJC1jz5gXY2cU8p,2,7/31/2022
480,jpolkt,6wCttLq0ADzkPgtRnUihLV,8,1/5/2023
481,bmordecaiu,0PT5m6hwPRrpBwIHVnvbFX,5,3/11/2022
482,dedgeleyv,2BtE7qm1qzM80p9vLSiXkj,7,6/20/2022
483,ecolleltonw,0wZJCeyfJ0LVrrtH4CwQYw,4,3/26/2023
484,mhodcroftx,0jTGHV5xqHPvEcwL8f6YU5,1,11/8/2022
485,xdytey,1LShhEEKRT5MNPcO7jtYHh,3,8/2/2022
486,jhillinz,5fn6sCofBYgRn6OICMeDvr,1,10/8/2022
487,dsimcock10,41GuZcammIkupMPKH2OJ6I,2,10/25/2022
488,rmardy11,6i6folBtxKV28WX3msQ4FE,5,7/8/2022
489,bdakhov12,1ATL5GLyefJaxhQzSPVrLX,10,11/26/2022
490,bbrenston13,6trNtQUgC8cgbWcqoMYkOR,4,6/24/2022
491,kbetun14,1qsQOC4Jn0fnaUZLAbs4dz,7,12/12/2022
492,cpaulton15,4iF44RCCybJtkBkMoqrLW2,9,1/8/2023
493,mmurney16,6tkjU4Umpo79wwkgPMV3nZ,6,5/30/2022
494,esmitheram17,3tx8gQqWbGwqIGZHqDNrGe,6,12/19/2022
495,apierrepoint18,4KdtEKjY3Gi0mKiSdy96ML,9,2/24/2023
496,cotteridge19,3JfSxDfmwS5OeHPwLSkrfr,2,1/29/2023
497,chugh1a,50yFYgKdwJANZ5O9MIbMkg,5,6/12/2022
498,fdytham1b,2Ti79nwTsont5ZHfdxIzAm,9,8/6/2022
499,isandeson1c,3T4tUhGYeRNVUGevb0wThu,10,8/26/2022
500,joger1d,7fRrTyKvE4Skh93v97gtcU,3,2/11/2023
501,lmcgowing1e,3HNnxK7NgLXbDoxRZxNWiR,6,10/20/2022
502,fceschini1f,1WMVvswNzB9i2UMh9svso5,6,4/11/2023
503,cbodill1g,5s0rmjP8XOPhP6HhqOhuyC,2,8/13/2022
504,handras1h,6kf46HbnYCZzP6rjvQHYzg,10,5/19/2022
505,vpudney1i,33pt9HBdGlAbRGBHQgsZsU,10,1/3/2023
506,jandrault1j,2acDkDTWdNFie1HjcFa4Ny,3,1/19/2023
507,mnewey1k,5VdyJkLe3yvOs0l4xXbWp0,10,9/30/2022
508,ipickthorne1l,2lATw9ZAVp7ILQcOKPCPqp,10,6/14/2022
509,abeert1m,2VP96XdMOKTXefI8Nui23s,2,2/13/2023
510,sharlow1n,4UNwL1B7JoymNUiTFJa52B,4,2/25/2022
511,bstable1o,4eLPsYPBmXABThSJ821sqY,10,8/8/2022
512,bspracklin1p,6DEjYFkNZh67HP7R9PSZvv,9,2/22/2023
513,mrastall1q,7yf9ZJyHRbp8sHtpDKfPpt,5,3/22/2022
514,pheintsch1r,0ETFjACtuP2ADo6LFhL6HN,4,3/18/2023
515,mendecott1s,6ZvDJs17O3woQirttKRYCG,4,9/5/2022
516,cbenne1t,6X1x82kppWZmDzlXXK3y3q,7,7/31/2022
517,mshewen1u,1zUY4PAFrNUOCeaEBrEHzh,2,9/14/2022
518,nratke1v,63MKT9hwmiMFFdFp5SdB1p,5,4/8/2023
519,dorrice1w,2vD3zSQr8hNlg0obNel4TE,5,2/13/2022
520,bcartmer1x,1KOmHyNLuOe5YrPhD3Juuf,8,10/20/2022
521,hserrell1y,4PgleR09JVnm3zY1fW3XBA,8,6/7/2022
522,hklimus1z,1uG9cIT7IRuq9NqFvKFUsI,3,7/19/2022
523,scouve20,40GMAhriYJRO1rsY4YdrZb,3,7/31/2022
524,hputnam21,6nxDQi0FeEwccEPJeNySoS,7,6/7/2022
525,vjermy22,4Wv5UAieM1LDEYVq5WmqDd,5,8/26/2022
526,ahickinbottom23,7GjG91tyHQNGEHzKJaqOi0,10,10/9/2022
527,jdoorly24,1xn54DMo2qIqBuMqHtUsFd,3,3/28/2022
528,esickamore25,2ODvWsOgouMbaA5xf0RkJe,4,8/29/2022
529,mheindl26,1lXY618HWkwYKJWBRYR4MK,10,11/15/2022
530,cmccosker27,7viNUmZZ8ztn2UB4XB3jIL,7,4/28/2022
531,cduffan28,0SukGZiXMtmsZoxstkBtNR,7,3/7/2022
532,mlillicrop29,1yGbNOtRIgdIiGHOEBaZWf,2,3/7/2023
533,abergstrand2a,42WVQWuf1teDysXiOupIZt,7,5/31/2022
534,saggus2b,3zak0kNLcOY5vFcB3Ipskp,2,3/22/2023
535,vpresdie2c,7vEJAtP3KgKSpOHVgwm3Eh,7,4/2/2023
536,gkoomar2d,3OZgEywV4krCZ814pTJWr7,10,3/19/2022
537,cfernie2e,0P3oVJBFOv3TDXlYRhGL7s,7,6/22/2022
538,jsummerscales2f,6QaVfG1pHYl1z15ZxkvVDW,1,4/19/2022
539,gmazey2g,4UlGauD7ROb3YbVOFMgW5u,8,4/11/2022
540,dfawley2h,4s05NbwGgw5SO42AdsN5Oo,9,3/23/2023
541,anajara2i,08jWgM4vSkTose4blKBWov,4,10/7/2022
542,imaskew2j,2ZUFSbIkmFkGag000RWOpA,7,10/9/2022
543,jpindar2k,5pQwQRnQOuKrbVUVnGMEN4,2,6/18/2022
544,kivushkin2l,6J84szYCnMfzEcvIcfWMFL,5,5/24/2022
545,efinlaison2m,3wBabo4pmzsYjALMSKY7Iq,5,8/1/2022
546,spenticost2n,3TJz2UBNYJtlEly0sPeNrQ,5,7/21/2022
547,kmacscherie2o,3vpXJ54S3MXLyzysw8qq7c,10,2/12/2022
548,mkapelhof2p,5OZJflQcQCdZLQjtUudCin,7,10/14/2022
549,mmickelwright2q,5fPglEDz9YEwRgbLRvhCZy,8,3/18/2022
550,cschapero2r,750APP0eKVlcgOxaZnBnVt,8,11/28/2022
551,rbernardez2s,0ptlfJfwGTy0Yvrk14JK1I,6,5/20/2022
552,tivanishev2t,6Fr2rQkZ383FcMqFyT7yPr,7,8/30/2022
553,ipretti2u,5rbJtzuXtpIP0Ykk7ewIit,3,4/6/2023
554,jellyatt2v,5BGzOpea6At0Nd7tYtYZOP,9,10/28/2022
555,hocloney2w,4JPguzRps3kuWDD5GS6oXr,9,12/22/2022
556,nbillingham2x,39P7VD7qlg3Z0ltq60eHp7,10,5/6/2022
557,gtash2y,47BiFcV59TQi2s9SkBo2pb,9,7/30/2022
558,fjosling2z,7oc6i8xUILaWwQ5BJMZS3c,5,3/3/2023
559,hbrignall30,7gsWAHLeT0w7es6FofOXk1,8,11/29/2022
560,abreitling31,5kprdYds6oZb4iSldfflOT,4,6/13/2022
561,jparffrey32,6Ew52HWkgfbth9ihRAq2Xd,7,5/3/2022
562,jplacido33,0U6ldwLBEMkwgfQRY4V6D2,9,3/1/2023
563,fbarden34,2cWBwpqMsDJC1ZUwz813lo,8,1/8/2023
564,lkehri35,71QyofYesSsRMwFOTafnhB,6,2/23/2022
565,cyeowell36,4PWBTB6NYSKQwfo79I3prg,8,5/3/2022
566,mroskrug37,2jJfnAZE6IG3oYnUv2eCj4,9,10/29/2022
567,cglamart38,3HHp5I6Q6SEyU5bkvoCtnV,3,9/11/2022
568,pskeggs39,6rRFeV6xigfNyPoZ6YqcoW,6,11/3/2022
569,awarren3a,22rp3PnM3q2mtTI0OGCzpq,9,8/13/2022
570,jgorthy3b,2FTS6a6DLXMNp8flyA0HGO,1,6/8/2022
571,wwonham3c,20r762YmB5HeofjMCiPMLv,4,9/12/2022
572,cboyd3d,7Dj0aaKI4RpehMPqOu56mW,7,2/4/2023
573,hsloegrave3e,4jTYApZPMapg56gRycOn0D,9,6/19/2022
574,nhucke3f,0fUy6IdLHDpGNwavIlhEsl,1,9/20/2022
575,fenticott3g,6opJjTuHd4tQ1h2qrus7jH,7,9/17/2022
576,lsterte3h,0xi4cOWPUHjctyYU8ypCOB,6,4/17/2022
577,nwhitelock3i,6MoaDh76Fsg0ogW2l7HAFx,5,3/4/2023
578,mjaye3j,0CnQ0JQajNswRjPkNYVG8m,7,12/6/2022
579,sblackster3k,3CCnGldVQ90c26aFATC1PW,6,10/1/2022
580,afoggarty3l,1NfrmcXk8xNennyxQ57JcW,8,5/24/2022
581,mdowdell3m,5EbpxRwbbpCJUepbqVTZ1U,5,2/20/2023
582,lblakemore3n,7dK54iZuOxXFarGhXwEXfF,5,10/14/2022
583,cgeorgeot3o,0fhmJYVhW0e4i33pCLPA5i,1,2/20/2022
584,kisbell3p,3EzFY9Rg0PpbADMth746zi,10,6/19/2022
585,gthirkettle3q,35S1JCj5paIfElT2GODl6x,1,6/12/2022
586,tfice3r,40XGTQ7FN6Y3dZXJhKBe96,10,10/26/2022
587,vthomassin3s,66J1OXSaS3hBZASOV3el8t,8,1/23/2023
588,vlukesch3t,47oyrKaeobswT4T8zyaxdM,7,11/25/2022
589,ceassom3u,58ufpQsJ1DS5kq4hhzQDiI,3,3/25/2023
590,gvuittet3v,3LpIwZdzFwc10psLingT8x,8,4/12/2023
591,podoherty3w,75fT8UQEDnekHNhRnbdpNI,2,11/30/2022
592,slongson3x,7ycBtnsMtyVbbwTfJwRjSP,8,9/13/2022
593,jwoodwind3y,51KZKzPd3OQT1r46a55VTt,10,3/21/2023
594,cstoddart3z,6Ar2o9KCqcyYF9J0aQP3au,1,6/16/2022
595,cskittrall40,0AvTcYvLE30zb3qIwxzf3o,6,9/9/2022
596,mkeddey41,2sPYPyDFwgi1jrRTGhoxq2,2,11/25/2022
597,mevemy42,12nlJpvrOd7tTOaCxB1UeR,2,1/22/2023
598,lshotton43,0v94MG5nbp4w6xdeFkfQrA,10,12/13/2022
599,kboshier44,2dBgWXp41imu2zBNv9oFxZ,6,6/6/2022
600,rlott45,6EVYTRG1drKdO8OnIQBeEj,2,12/6/2022
601,rpittet0,3jJKDKdlwRS584zUlHV2Ly,8,3/21/2022
602,mbennion1,13WjgUEEAQp0d9JqojlWp1,10,4/28/2022
603,ycade2,7EpUpNUkkEGnaCvkcn1j4H,2,7/21/2022
604,mmattacks3,7LF4N7lvyDhrPBuCJ1rplJ,10,3/1/2023
605,cspehr4,1gIC63gC3B7o7FfpPACZQJ,5,4/8/2022
606,ljeacop5,6kTIdOmlTbxh7vzNwb4n0L,6,9/30/2022
607,tfardy6,0n9SWDBEftKwq09B01Pwzw,2,3/10/2022
608,tdavidavidovics7,7bSsdgWDh5VRI3ZVOXQEj4,5,10/31/2022
609,pbarti8,17FnTn4P3Bkyf6mbNQDhhy,2,5/18/2022
610,dbriat9,0VWmEVuQ8tA5iA3cCTrgxa,9,9/17/2022
611,dferenca,0uMIzWh1uEpHEBell4rlF8,9,10/16/2022
612,araubenheimersb,5pLlGJrxuQO3jMoQe1XxZY,1,9/3/2022
613,fhaffardc,5smHQ1uTrerU8DyRaqTyxh,7,9/8/2022
614,gscuffhamd,0kL3TYRsSXnu0iJvFO3rud,5,4/14/2022
615,ealfonsettie,2G24iquUtWrS3H36y5T1HO,4,3/5/2023
616,afennerf,2z4c8M8aVzl7CTobIp36KF,10,1/29/2023
617,favramovg,6t7956yu5zYf5A829XRiHC,9,5/11/2022
618,bhowgegoh,6agmeioaDOBupymziJihgB,8,2/16/2022
619,prufflii,7qvA0kf1dkmR1As2gOnBPn,8,1/16/2023
620,dsauraj,77UW17CZFyCaRLHdHeofZu,5,11/3/2022
621,jlohdenk,5ll74bqtkcXlKE7wwkMq4g,6,8/17/2022
622,dmilnesl,0vE6mttRTBXRe9rKghyr1l,2,3/23/2023
623,gkimblingm,61Ba3txRZWfiX6ZTEZlFCV,8,10/23/2022
624,mbromidgen,4sAB9WulPpnAcig7alDGTg,7,4/3/2022
625,amaccaugheno,4Uv86qWpGTxf7fU7lG5X6F,6,3/21/2022
626,ftuffellp,6oxVabMIqCMJRYN1GqR3Vf,6,5/13/2022
627,obirtq,1yZC8xZwv4gsmCZ4p4JWdI,6,11/13/2022
628,hbranfordr,3LByoNjO4gbuX5D0u26LDY,8,2/8/2022
629,deleners,50o7kf2wLwVmOTVYJOTplm,9,3/27/2023
630,jpolkt,4frjaGAtuBmm8CPuYPY4oG,10,8/28/2022
631,bmordecaiu,70f70xLCpH7wHaVvB2oZT9,9,3/17/2023
632,dedgeleyv,1zFp5Q3Dgo8wmKsmfZ23QX,6,7/7/2022
633,ecolleltonw,3hhDpPtCFuQbppwYgsVhMO,4,9/1/2022
634,mhodcroftx,1cTeNkeINtXiaMLlashAKs,3,2/10/2022
635,xdytey,0BsMZIueWsJLWng8A7sE8e,8,3/18/2023
636,jhillinz,2hyDesSAYNefikDJXlqhPE,7,11/20/2022
637,dsimcock10,7D2NdGvBHIavgLhmcwhluK,1,8/13/2022
638,rmardy11,3Qq4kVfHPrs8xPKIYKmctl,6,4/15/2022
639,bdakhov12,6czdbbMtGbAkZ6ud2OMTcg,8,2/12/2023
640,bbrenston13,2w0Jen9XW2ouiCLb623G3y,1,8/21/2022
641,kbetun14,6PHs1TbnxnSHrRBh9XXTGf,8,8/14/2022
642,cpaulton15,3PRoXYsngSwjEQWR5PsHWR,9,2/14/2022
643,mmurney16,5rbqupVSYwvEmXBUnFtUf7,3,9/27/2022
644,esmitheram17,1Ye7yrA7vAlQnoooj8yDXb,1,9/23/2022
645,apierrepoint18,6126O4XLYAfzU3961ziahP,6,2/10/2023
646,cotteridge19,7vN82vd1Vq44fjlhjfvHJp,8,4/12/2022
647,chugh1a,21dd5QyItuoqvPkViQXlKf,4,5/8/2022
648,fdytham1b,1GbtB4zTqAsyfZEsm1RZfx,9,5/10/2022
649,isandeson1c,2P0JJ9p0o3unqi6EK4iDQw,1,7/18/2022
650,joger1d,2EowTulHWqSY6QZfTDf5vW,4,3/5/2022
651,lmcgowing1e,7tsXPtLqhab1zWeubbf6JH,4,12/5/2022
652,fceschini1f,7MZzYkbHL9Tk3O6WeD4Z0Z,9,12/31/2022
653,cbodill1g,6Pqlfg42Sc3ElNuyt5NUiK,9,12/21/2022
654,handras1h,4bTjdxhRRUiWfwj200f9Kl,10,9/21/2022
655,vpudney1i,5PKYeoSKEVQd7ZTnwnWRn7,2,2/28/2022
656,jandrault1j,4yz9rO7Q1UC2rK5eLOxmS7,1,4/9/2023
657,mnewey1k,4KYcffwC5HgjJLdpQU9SjC,9,10/21/2022
658,ipickthorne1l,1MJ0UQh7nta4JGuFYW4gCg,1,4/16/2023
659,abeert1m,6fABwONLawdFjkDpLx41j8,4,10/13/2022
660,sharlow1n,4AGQTp6rk7v8fPbFu739l7,8,9/1/2022
661,bstable1o,2g1EakEaW7fPTZC6vBmBCn,7,11/5/2022
662,bspracklin1p,3BmcYMh0KYsimWL6p2gPa9,8,10/2/2022
663,mrastall1q,6Hu1DObY1WeKWxHfeaOcFg,7,10/24/2022
664,pheintsch1r,65CquQgUA42ecr7n6bGtOI,10,4/2/2023
665,mendecott1s,0XRZpF083HqgygM0v1hQyE,1,2/18/2022
666,cbenne1t,3JSWZWeTHF4HDGt5Eozdy7,7,6/22/2022
667,mshewen1u,5jem47f4IRH6UaxNAWO6vD,9,3/20/2023
668,nratke1v,3evsUmSaqqRzNeOTzuhpBP,4,3/30/2023
669,dorrice1w,6df0qvkMXoyHGt9J8cujZb,4,2/20/2022
670,bcartmer1x,7slHgsEMuJfnuft5LAPyw6,10,1/7/2023
671,hserrell1y,1Gnrd76EubInPV4KjOJ1Zr,4,10/15/2022
672,hklimus1z,2ydmGsz8W6qDq2UgotdxzR,9,10/15/2022
673,scouve20,3KzAvEXcqJKBF97HrXwlgf,9,5/24/2022
674,hputnam21,1aYdiJk6XKeHWGO3FzHHTr,3,8/21/2022
675,vjermy22,7uGmyYwDFJbSc1xs4hkEs2,6,10/21/2022
676,ahickinbottom23,3JFdUloxNYTVuNlr8mXEHB,3,4/5/2023
677,jdoorly24,2wi0v7jPzYBCd99GggLtN8,7,3/7/2022
678,esickamore25,3g09ln1DeyjtPhlITh8DzT,5,5/19/2022
679,mheindl26,20aDO05QIgZMY7BcKKI44D,9,3/30/2023
680,cmccosker27,3GmCXW10kLxmZrEY0JpRlw,4,7/24/2022
681,cduffan28,3WFTGIO6E3Xh4paEOBY9OU,7,1/2/2023
682,mlillicrop29,6nT2WJS6WHH86XRgkSK8yC,6,11/9/2022
683,abergstrand2a,6p5pW2WwgVECsOhrXPAyhI,6,7/11/2022
684,saggus2b,0Zd10MKN5j9KwUST0TdBBB,10,2/21/2022
685,vpresdie2c,0GarKYA3ebL7sQx7IP2SSt,2,5/26/2022
686,gkoomar2d,1BfLzaTFI5qKsAAk0Ae6aV,9,2/15/2023
687,cfernie2e,2JdjS6jjOml7nt7Yjo0nnh,5,6/16/2022
688,jsummerscales2f,4FyGpObwABjn0o8Tdp7AZz,4,5/28/2022
689,gmazey2g,5i2HhIrYyMNQvmsBk9h8Im,8,12/21/2022
690,dfawley2h,0TmvUiHKnPR8tOyU6giI3V,8,10/27/2022
691,anajara2i,41s8PPH5gEz7H8b8kbv5Y5,7,9/28/2022
692,imaskew2j,2nOW4KIsrMnoL4hJZRODKl,1,3/28/2022
693,jpindar2k,75s3OxagI6DX8OKLKymPLN,6,3/27/2023
694,kivushkin2l,4l0xO28Y37MBBXQEcBIbXQ,2,3/31/2022
695,efinlaison2m,3Lf8VA23cMAl5imbABTZoo,8,10/10/2022
696,spenticost2n,1pBBIxK5yURfbv8Xd5lta1,10,6/29/2022
697,kmacscherie2o,391ScNR3xKywWSpfDwP3n0,5,4/14/2023
698,mkapelhof2p,0pipZo4jBQ2hA4HphdFccg,3,6/6/2022
699,mmickelwright2q,5kffKW0sSLo6tkLg1veUGC,5,8/1/2022
700,cschapero2r,1AvXa8xFEXtR3hb4bgihIK,3,3/10/2023
701,rbernardez2s,7kiDOzNkoKCEgqGZrpPrej,5,5/24/2022
702,tivanishev2t,0pEfDPZko6TnNOgrZMe5nn,6,8/31/2022
703,ipretti2u,5RS9xkMuDmeVISqGDBmnSa,8,9/26/2022
704,jellyatt2v,6reTSIf5MoBco62rk8T7Q1,10,9/10/2022
705,hocloney2w,58alCatewkjNm9IM1Ucj67,8,5/16/2022
706,nbillingham2x,4r9kNse038AoF2KfbqPUOS,8,12/16/2022
707,gtash2y,2yuTRGIackbcReLUXOYBqU,5,9/8/2022
708,fjosling2z,7tB40pGzj6Tg0HePj2jWZt,6,10/15/2022
709,hbrignall30,4KZGe18wZJbXL6JLW4KyLc,7,4/24/2022
710,abreitling31,64vx3cUb97lQGlgt8zozWL,3,2/10/2022
711,jparffrey32,6KT8x5oqZJl9CcnM66hddo,1,4/6/2022
712,jplacido33,1ONuDpN0a3zhCUyKCgtuzK,9,9/9/2022
713,fbarden34,1J2BrRxtQjVUa7X9Ne99xD,5,2/11/2023
714,lkehri35,0yd01cU78rnlFXq6vRxPSR,3,2/22/2022
715,cyeowell36,4qZBW3f2Q8y0k1A84d4iAO,8,10/22/2022
716,mroskrug37,6VCDStheOuhrQaoYbHP2iO,9,1/14/2023
717,cglamart38,2apbRBAafIKmcWwESmLHJi,3,7/10/2022
718,pskeggs39,5uJqpJth89JzqPFt6vEzwF,2,10/17/2022
719,awarren3a,6yi7FjzeCHGVJJAdWRYAmk,8,2/17/2022
720,jgorthy3b,2OIDVh8ubFC6sJs5wpZMP9,1,7/2/2022
721,wwonham3c,7vzYp7FrKnTRoktBYsx9SF,3,5/21/2022
722,cboyd3d,4On0Hf7VJC1jz5gXY2cU8p,5,1/25/2023
723,hsloegrave3e,6wCttLq0ADzkPgtRnUihLV,9,10/14/2022
724,nhucke3f,0PT5m6hwPRrpBwIHVnvbFX,9,3/15/2023
725,fenticott3g,2BtE7qm1qzM80p9vLSiXkj,10,3/7/2022
726,lsterte3h,0wZJCeyfJ0LVrrtH4CwQYw,4,9/9/2022
727,nwhitelock3i,0jTGHV5xqHPvEcwL8f6YU5,4,12/30/2022
728,mjaye3j,1LShhEEKRT5MNPcO7jtYHh,6,11/18/2022
729,sblackster3k,5fn6sCofBYgRn6OICMeDvr,5,6/4/2022
730,afoggarty3l,41GuZcammIkupMPKH2OJ6I,6,8/28/2022
731,mdowdell3m,6i6folBtxKV28WX3msQ4FE,8,7/26/2022
732,lblakemore3n,1ATL5GLyefJaxhQzSPVrLX,3,6/25/2022
733,cgeorgeot3o,6trNtQUgC8cgbWcqoMYkOR,3,12/6/2022
734,kisbell3p,1qsQOC4Jn0fnaUZLAbs4dz,9,10/31/2022
735,gthirkettle3q,4iF44RCCybJtkBkMoqrLW2,1,8/11/2022
736,tfice3r,6tkjU4Umpo79wwkgPMV3nZ,7,1/17/2023
737,vthomassin3s,3tx8gQqWbGwqIGZHqDNrGe,4,9/16/2022
738,vlukesch3t,4KdtEKjY3Gi0mKiSdy96ML,8,7/25/2022
739,ceassom3u,3JfSxDfmwS5OeHPwLSkrfr,2,10/4/2022
740,gvuittet3v,50yFYgKdwJANZ5O9MIbMkg,6,5/14/2022
741,podoherty3w,2Ti79nwTsont5ZHfdxIzAm,6,3/9/2022
742,slongson3x,3T4tUhGYeRNVUGevb0wThu,10,4/13/2023
743,jwoodwind3y,7fRrTyKvE4Skh93v97gtcU,10,2/9/2023
744,cstoddart3z,3HNnxK7NgLXbDoxRZxNWiR,8,11/10/2022
745,cskittrall40,1WMVvswNzB9i2UMh9svso5,2,4/23/2022
746,mkeddey41,5s0rmjP8XOPhP6HhqOhuyC,8,12/22/2022
747,mevemy42,6kf46HbnYCZzP6rjvQHYzg,5,8/22/2022
748,lshotton43,33pt9HBdGlAbRGBHQgsZsU,6,3/16/2023
749,kboshier44,2acDkDTWdNFie1HjcFa4Ny,8,2/17/2023
750,rlott45,5VdyJkLe3yvOs0l4xXbWp0,10,11/12/2022
751,rpittet0,2lATw9ZAVp7ILQcOKPCPqp,4,4/30/2022
752,mbennion1,2VP96XdMOKTXefI8Nui23s,8,2/20/2023
753,ycade2,4UNwL1B7JoymNUiTFJa52B,1,4/16/2023
754,mmattacks3,4eLPsYPBmXABThSJ821sqY,3,9/29/2022
755,cspehr4,6DEjYFkNZh67HP7R9PSZvv,4,6/2/2022
756,ljeacop5,7yf9ZJyHRbp8sHtpDKfPpt,1,8/31/2022
757,tfardy6,0ETFjACtuP2ADo6LFhL6HN,8,4/19/2023
758,tdavidavidovics7,6ZvDJs17O3woQirttKRYCG,4,6/13/2022
759,pbarti8,6X1x82kppWZmDzlXXK3y3q,2,12/9/2022
760,dbriat9,1zUY4PAFrNUOCeaEBrEHzh,10,5/15/2022
761,dferenca,63MKT9hwmiMFFdFp5SdB1p,10,5/25/2022
762,araubenheimersb,2vD3zSQr8hNlg0obNel4TE,4,8/25/2022
763,fhaffardc,1KOmHyNLuOe5YrPhD3Juuf,4,4/3/2023
764,gscuffhamd,4PgleR09JVnm3zY1fW3XBA,3,1/3/2023
765,ealfonsettie,1uG9cIT7IRuq9NqFvKFUsI,2,2/19/2022
766,afennerf,40GMAhriYJRO1rsY4YdrZb,10,10/27/2022
767,favramovg,6nxDQi0FeEwccEPJeNySoS,8,8/6/2022
768,bhowgegoh,4Wv5UAieM1LDEYVq5WmqDd,2,12/24/2022
769,prufflii,7GjG91tyHQNGEHzKJaqOi0,8,7/2/2022
770,dsauraj,1xn54DMo2qIqBuMqHtUsFd,10,3/14/2022
771,jlohdenk,2ODvWsOgouMbaA5xf0RkJe,4,3/16/2023
772,dmilnesl,1lXY618HWkwYKJWBRYR4MK,4,4/13/2023
773,gkimblingm,7viNUmZZ8ztn2UB4XB3jIL,1,2/9/2023
774,mbromidgen,0SukGZiXMtmsZoxstkBtNR,3,1/11/2023
775,amaccaugheno,1yGbNOtRIgdIiGHOEBaZWf,6,6/20/2022
776,ftuffellp,42WVQWuf1teDysXiOupIZt,9,4/2/2023
777,obirtq,3zak0kNLcOY5vFcB3Ipskp,2,6/3/2022
778,hbranfordr,7vEJAtP3KgKSpOHVgwm3Eh,1,12/23/2022
779,deleners,3OZgEywV4krCZ814pTJWr7,10,8/31/2022
780,jpolkt,0P3oVJBFOv3TDXlYRhGL7s,6,9/27/2022
781,bmordecaiu,6QaVfG1pHYl1z15ZxkvVDW,6,5/12/2022
782,dedgeleyv,4UlGauD7ROb3YbVOFMgW5u,4,3/1/2022
783,ecolleltonw,4s05NbwGgw5SO42AdsN5Oo,2,12/6/2022
784,mhodcroftx,08jWgM4vSkTose4blKBWov,1,6/7/2022
785,xdytey,2ZUFSbIkmFkGag000RWOpA,5,10/12/2022
786,jhillinz,5pQwQRnQOuKrbVUVnGMEN4,7,1/13/2023
787,dsimcock10,6J84szYCnMfzEcvIcfWMFL,6,8/7/2022
788,rmardy11,3wBabo4pmzsYjALMSKY7Iq,6,4/13/2023
789,bdakhov12,3TJz2UBNYJtlEly0sPeNrQ,8,5/3/2022
790,bbrenston13,3vpXJ54S3MXLyzysw8qq7c,9,7/13/2022
791,kbetun14,5OZJflQcQCdZLQjtUudCin,4,7/31/2022
792,cpaulton15,5fPglEDz9YEwRgbLRvhCZy,9,6/23/2022
793,mmurney16,750APP0eKVlcgOxaZnBnVt,2,12/20/2022
794,esmitheram17,0ptlfJfwGTy0Yvrk14JK1I,8,1/14/2023
795,apierrepoint18,6Fr2rQkZ383FcMqFyT7yPr,3,7/1/2022
796,cotteridge19,5rbJtzuXtpIP0Ykk7ewIit,5,7/28/2022
797,chugh1a,5BGzOpea6At0Nd7tYtYZOP,8,12/6/2022
798,fdytham1b,4JPguzRps3kuWDD5GS6oXr,7,4/10/2023
799,isandeson1c,39P7VD7qlg3Z0ltq60eHp7,4,6/11/2022
800,joger1d,47BiFcV59TQi2s9SkBo2pb,5,8/13/2022
801,lmcgowing1e,7oc6i8xUILaWwQ5BJMZS3c,7,10/24/2022
802,fceschini1f,7gsWAHLeT0w7es6FofOXk1,6,2/12/2023
803,cbodill1g,5kprdYds6oZb4iSldfflOT,5,3/30/2023
804,handras1h,6Ew52HWkgfbth9ihRAq2Xd,3,7/30/2022
805,vpudney1i,0U6ldwLBEMkwgfQRY4V6D2,3,11/10/2022
806,jandrault1j,2cWBwpqMsDJC1ZUwz813lo,5,3/14/2022
807,mnewey1k,71QyofYesSsRMwFOTafnhB,2,6/21/2022
808,ipickthorne1l,4PWBTB6NYSKQwfo79I3prg,4,4/21/2022
809,abeert1m,2jJfnAZE6IG3oYnUv2eCj4,7,8/22/2022
810,sharlow1n,3HHp5I6Q6SEyU5bkvoCtnV,4,2/1/2023
811,bstable1o,6rRFeV6xigfNyPoZ6YqcoW,3,3/7/2023
812,bspracklin1p,22rp3PnM3q2mtTI0OGCzpq,4,10/17/2022
813,mrastall1q,2FTS6a6DLXMNp8flyA0HGO,2,8/9/2022
814,pheintsch1r,20r762YmB5HeofjMCiPMLv,1,7/7/2022
815,mendecott1s,7Dj0aaKI4RpehMPqOu56mW,9,7/12/2022
816,cbenne1t,4jTYApZPMapg56gRycOn0D,8,3/15/2023
817,mshewen1u,0fUy6IdLHDpGNwavIlhEsl,3,12/16/2022
818,nratke1v,6opJjTuHd4tQ1h2qrus7jH,9,3/8/2023
819,dorrice1w,0xi4cOWPUHjctyYU8ypCOB,2,4/8/2023
820,bcartmer1x,6MoaDh76Fsg0ogW2l7HAFx,5,4/10/2023
821,hserrell1y,0CnQ0JQajNswRjPkNYVG8m,8,12/31/2022
822,hklimus1z,3CCnGldVQ90c26aFATC1PW,4,6/1/2022
823,scouve20,1NfrmcXk8xNennyxQ57JcW,8,2/10/2022
824,hputnam21,5EbpxRwbbpCJUepbqVTZ1U,3,6/5/2022
825,vjermy22,7dK54iZuOxXFarGhXwEXfF,7,4/6/2022
826,ahickinbottom23,0fhmJYVhW0e4i33pCLPA5i,8,3/17/2022
827,jdoorly24,3EzFY9Rg0PpbADMth746zi,1,12/12/2022
828,esickamore25,35S1JCj5paIfElT2GODl6x,6,3/26/2022
829,mheindl26,40XGTQ7FN6Y3dZXJhKBe96,6,12/27/2022
830,cmccosker27,66J1OXSaS3hBZASOV3el8t,2,10/4/2022
831,cduffan28,47oyrKaeobswT4T8zyaxdM,10,12/23/2022
832,mlillicrop29,58ufpQsJ1DS5kq4hhzQDiI,9,5/30/2022
833,abergstrand2a,3LpIwZdzFwc10psLingT8x,7,7/26/2022
834,saggus2b,75fT8UQEDnekHNhRnbdpNI,6,12/24/2022
835,vpresdie2c,7ycBtnsMtyVbbwTfJwRjSP,8,1/7/2023
836,gkoomar2d,51KZKzPd3OQT1r46a55VTt,6,3/24/2023
837,cfernie2e,6Ar2o9KCqcyYF9J0aQP3au,3,1/22/2023
838,jsummerscales2f,0AvTcYvLE30zb3qIwxzf3o,6,1/21/2023
839,gmazey2g,2sPYPyDFwgi1jrRTGhoxq2,2,3/21/2022
840,dfawley2h,12nlJpvrOd7tTOaCxB1UeR,6,1/22/2023
841,anajara2i,0v94MG5nbp4w6xdeFkfQrA,4,4/11/2023
842,imaskew2j,2dBgWXp41imu2zBNv9oFxZ,4,2/20/2022
843,jpindar2k,6EVYTRG1drKdO8OnIQBeEj,2,2/13/2022
844,kivushkin2l,3jJKDKdlwRS584zUlHV2Ly,2,4/30/2022
845,efinlaison2m,13WjgUEEAQp0d9JqojlWp1,6,5/23/2022
846,spenticost2n,7EpUpNUkkEGnaCvkcn1j4H,6,10/24/2022
847,kmacscherie2o,7LF4N7lvyDhrPBuCJ1rplJ,6,12/18/2022
848,mkapelhof2p,1gIC63gC3B7o7FfpPACZQJ,8,4/7/2023
849,mmickelwright2q,6kTIdOmlTbxh7vzNwb4n0L,2,2/4/2023
850,cschapero2r,0n9SWDBEftKwq09B01Pwzw,7,7/31/2022
851,rbernardez2s,7bSsdgWDh5VRI3ZVOXQEj4,5,9/23/2022
852,tivanishev2t,17FnTn4P3Bkyf6mbNQDhhy,2,11/10/2022
853,ipretti2u,0VWmEVuQ8tA5iA3cCTrgxa,4,11/9/2022
854,jellyatt2v,0uMIzWh1uEpHEBell4rlF8,1,1/13/2023
855,hocloney2w,5pLlGJrxuQO3jMoQe1XxZY,1,3/3/2023
856,nbillingham2x,5smHQ1uTrerU8DyRaqTyxh,8,12/11/2022
857,gtash2y,0kL3TYRsSXnu0iJvFO3rud,8,10/24/2022
858,fjosling2z,2G24iquUtWrS3H36y5T1HO,8,3/9/2022
859,hbrignall30,2z4c8M8aVzl7CTobIp36KF,7,2/1/2023
860,abreitling31,6t7956yu5zYf5A829XRiHC,1,9/10/2022
861,jparffrey32,6agmeioaDOBupymziJihgB,9,2/21/2023
862,jplacido33,7qvA0kf1dkmR1As2gOnBPn,6,1/16/2023
863,fbarden34,77UW17CZFyCaRLHdHeofZu,10,2/15/2023
864,lkehri35,5ll74bqtkcXlKE7wwkMq4g,8,4/16/2022
865,cyeowell36,0vE6mttRTBXRe9rKghyr1l,1,6/17/2022
866,mroskrug37,61Ba3txRZWfiX6ZTEZlFCV,9,11/20/2022
867,cglamart38,4sAB9WulPpnAcig7alDGTg,10,1/31/2023
868,pskeggs39,4Uv86qWpGTxf7fU7lG5X6F,1,4/27/2022
869,awarren3a,6oxVabMIqCMJRYN1GqR3Vf,9,3/5/2023
870,jgorthy3b,1yZC8xZwv4gsmCZ4p4JWdI,5,4/3/2022
871,wwonham3c,3LByoNjO4gbuX5D0u26LDY,2,5/21/2022
872,cboyd3d,50o7kf2wLwVmOTVYJOTplm,6,4/14/2023
873,hsloegrave3e,4frjaGAtuBmm8CPuYPY4oG,10,4/9/2022
874,nhucke3f,70f70xLCpH7wHaVvB2oZT9,1,12/3/2022
875,fenticott3g,1zFp5Q3Dgo8wmKsmfZ23QX,4,3/14/2022
876,lsterte3h,3hhDpPtCFuQbppwYgsVhMO,2,8/29/2022
877,nwhitelock3i,1cTeNkeINtXiaMLlashAKs,4,3/13/2023
878,mjaye3j,0BsMZIueWsJLWng8A7sE8e,7,6/9/2022
879,sblackster3k,2hyDesSAYNefikDJXlqhPE,8,2/26/2023
880,afoggarty3l,7D2NdGvBHIavgLhmcwhluK,10,10/31/2022
881,mdowdell3m,3Qq4kVfHPrs8xPKIYKmctl,8,3/10/2023
882,lblakemore3n,6czdbbMtGbAkZ6ud2OMTcg,8,2/12/2023
883,cgeorgeot3o,2w0Jen9XW2ouiCLb623G3y,2,9/16/2022
884,kisbell3p,6PHs1TbnxnSHrRBh9XXTGf,2,4/4/2022
885,gthirkettle3q,3PRoXYsngSwjEQWR5PsHWR,2,12/11/2022
886,tfice3r,5rbqupVSYwvEmXBUnFtUf7,8,3/10/2023
887,vthomassin3s,1Ye7yrA7vAlQnoooj8yDXb,3,3/30/2022
888,vlukesch3t,6126O4XLYAfzU3961ziahP,10,4/28/2022
889,ceassom3u,7vN82vd1Vq44fjlhjfvHJp,5,3/16/2022
890,gvuittet3v,21dd5QyItuoqvPkViQXlKf,4,9/4/2022
891,podoherty3w,1GbtB4zTqAsyfZEsm1RZfx,8,8/7/2022
892,slongson3x,2P0JJ9p0o3unqi6EK4iDQw,1,3/4/2022
893,jwoodwind3y,2EowTulHWqSY6QZfTDf5vW,8,7/19/2022
894,cstoddart3z,7tsXPtLqhab1zWeubbf6JH,6,8/20/2022
895,cskittrall40,7MZzYkbHL9Tk3O6WeD4Z0Z,6,1/30/2023
896,mkeddey41,6Pqlfg42Sc3ElNuyt5NUiK,6,12/29/2022
897,mevemy42,4bTjdxhRRUiWfwj200f9Kl,3,10/13/2022
898,lshotton43,5PKYeoSKEVQd7ZTnwnWRn7,7,7/11/2022
899,kboshier44,4yz9rO7Q1UC2rK5eLOxmS7,7,12/15/2022
900,rlott45,4KYcffwC5HgjJLdpQU9SjC,2,12/4/2022
901,rpittet0,1MJ0UQh7nta4JGuFYW4gCg,6,4/10/2022
902,mbennion1,6fABwONLawdFjkDpLx41j8,3,4/11/2023
903,ycade2,4AGQTp6rk7v8fPbFu739l7,8,5/11/2022
904,mmattacks3,2g1EakEaW7fPTZC6vBmBCn,1,3/2/2022
905,cspehr4,3BmcYMh0KYsimWL6p2gPa9,2,12/17/2022
906,ljeacop5,6Hu1DObY1WeKWxHfeaOcFg,8,4/4/2023
907,tfardy6,65CquQgUA42ecr7n6bGtOI,9,3/5/2022
908,tdavidavidovics7,0XRZpF083HqgygM0v1hQyE,8,3/17/2022
909,pbarti8,3JSWZWeTHF4HDGt5Eozdy7,8,4/4/2022
910,dbriat9,5jem47f4IRH6UaxNAWO6vD,7,10/6/2022
911,dferenca,3evsUmSaqqRzNeOTzuhpBP,3,8/25/2022
912,araubenheimersb,6df0qvkMXoyHGt9J8cujZb,6,9/23/2022
913,fhaffardc,7slHgsEMuJfnuft5LAPyw6,4,2/11/2023
914,gscuffhamd,1Gnrd76EubInPV4KjOJ1Zr,6,4/3/2022
915,ealfonsettie,2ydmGsz8W6qDq2UgotdxzR,9,4/3/2022
916,afennerf,3KzAvEXcqJKBF97HrXwlgf,2,4/6/2022
917,favramovg,1aYdiJk6XKeHWGO3FzHHTr,5,3/15/2022
918,bhowgegoh,7uGmyYwDFJbSc1xs4hkEs2,5,5/12/2022
919,prufflii,3JFdUloxNYTVuNlr8mXEHB,4,7/9/2022
920,dsauraj,2wi0v7jPzYBCd99GggLtN8,7,10/3/2022
921,jlohdenk,3g09ln1DeyjtPhlITh8DzT,9,11/3/2022
922,dmilnesl,20aDO05QIgZMY7BcKKI44D,6,2/11/2023
923,gkimblingm,3GmCXW10kLxmZrEY0JpRlw,9,4/18/2023
924,mbromidgen,3WFTGIO6E3Xh4paEOBY9OU,10,11/3/2022
925,amaccaugheno,6nT2WJS6WHH86XRgkSK8yC,7,7/1/2022
926,ftuffellp,6p5pW2WwgVECsOhrXPAyhI,6,11/25/2022
927,obirtq,0Zd10MKN5j9KwUST0TdBBB,8,3/2/2023
928,hbranfordr,0GarKYA3ebL7sQx7IP2SSt,1,11/10/2022
929,deleners,1BfLzaTFI5qKsAAk0Ae6aV,5,4/5/2023
930,jpolkt,2JdjS6jjOml7nt7Yjo0nnh,3,3/14/2022
931,bmordecaiu,4FyGpObwABjn0o8Tdp7AZz,7,12/23/2022
932,dedgeleyv,5i2HhIrYyMNQvmsBk9h8Im,6,10/3/2022
933,ecolleltonw,0TmvUiHKnPR8tOyU6giI3V,1,8/15/2022
934,mhodcroftx,41s8PPH5gEz7H8b8kbv5Y5,1,3/31/2023
935,xdytey,2nOW4KIsrMnoL4hJZRODKl,9,9/17/2022
936,jhillinz,75s3OxagI6DX8OKLKymPLN,7,7/20/2022
937,dsimcock10,4l0xO28Y37MBBXQEcBIbXQ,4,8/29/2022
938,rmardy11,3Lf8VA23cMAl5imbABTZoo,9,4/12/2022
939,bdakhov12,1pBBIxK5yURfbv8Xd5lta1,10,9/18/2022
940,bbrenston13,391ScNR3xKywWSpfDwP3n0,1,4/14/2023
941,kbetun14,0pipZo4jBQ2hA4HphdFccg,1,3/4/2023
942,cpaulton15,5kffKW0sSLo6tkLg1veUGC,9,11/19/2022
943,mmurney16,1AvXa8xFEXtR3hb4bgihIK,4,11/6/2022
944,esmitheram17,7kiDOzNkoKCEgqGZrpPrej,4,8/11/2022
945,apierrepoint18,0pEfDPZko6TnNOgrZMe5nn,3,6/19/2022
946,cotteridge19,5RS9xkMuDmeVISqGDBmnSa,9,4/1/2022
947,chugh1a,6reTSIf5MoBco62rk8T7Q1,6,5/31/2022
948,fdytham1b,58alCatewkjNm9IM1Ucj67,3,3/5/2023
949,isandeson1c,4r9kNse038AoF2KfbqPUOS,8,10/3/2022
950,joger1d,2yuTRGIackbcReLUXOYBqU,1,2/11/2023
951,lmcgowing1e,7tB40pGzj6Tg0HePj2jWZt,5,9/10/2022
952,fceschini1f,4KZGe18wZJbXL6JLW4KyLc,6,3/4/2022
953,cbodill1g,64vx3cUb97lQGlgt8zozWL,6,6/12/2022
954,handras1h,6KT8x5oqZJl9CcnM66hddo,9,6/4/2022
955,vpudney1i,1ONuDpN0a3zhCUyKCgtuzK,6,6/5/2022
956,jandrault1j,1J2BrRxtQjVUa7X9Ne99xD,10,3/15/2022
957,mnewey1k,0yd01cU78rnlFXq6vRxPSR,7,1/6/2023
958,ipickthorne1l,4qZBW3f2Q8y0k1A84d4iAO,2,12/11/2022
959,abeert1m,6VCDStheOuhrQaoYbHP2iO,2,2/22/2023
960,sharlow1n,2apbRBAafIKmcWwESmLHJi,3,3/4/2022
961,bstable1o,5uJqpJth89JzqPFt6vEzwF,1,2/26/2023
962,bspracklin1p,6yi7FjzeCHGVJJAdWRYAmk,7,2/1/2023
963,mrastall1q,2OIDVh8ubFC6sJs5wpZMP9,3,6/27/2022
964,pheintsch1r,7vzYp7FrKnTRoktBYsx9SF,4,2/22/2023
965,mendecott1s,4On0Hf7VJC1jz5gXY2cU8p,6,8/23/2022
966,cbenne1t,6wCttLq0ADzkPgtRnUihLV,5,4/8/2023
967,mshewen1u,0PT5m6hwPRrpBwIHVnvbFX,4,6/23/2022
968,nratke1v,2BtE7qm1qzM80p9vLSiXkj,5,5/16/2022
969,dorrice1w,0wZJCeyfJ0LVrrtH4CwQYw,9,5/2/2022
970,bcartmer1x,0jTGHV5xqHPvEcwL8f6YU5,2,3/11/2023
971,hserrell1y,1LShhEEKRT5MNPcO7jtYHh,7,9/29/2022
972,hklimus1z,5fn6sCofBYgRn6OICMeDvr,9,2/27/2023
973,scouve20,41GuZcammIkupMPKH2OJ6I,2,9/16/2022
974,hputnam21,6i6folBtxKV28WX3msQ4FE,8,5/13/2022
975,vjermy22,1ATL5GLyefJaxhQzSPVrLX,6,11/2/2022
976,ahickinbottom23,6trNtQUgC8cgbWcqoMYkOR,2,2/14/2023
977,jdoorly24,1qsQOC4Jn0fnaUZLAbs4dz,9,7/27/2022
978,esickamore25,4iF44RCCybJtkBkMoqrLW2,9,9/28/2022
979,mheindl26,6tkjU4Umpo79wwkgPMV3nZ,9,10/26/2022
980,cmccosker27,3tx8gQqWbGwqIGZHqDNrGe,10,7/7/2022
981,cduffan28,4KdtEKjY3Gi0mKiSdy96ML,1,5/11/2022
982,mlillicrop29,3JfSxDfmwS5OeHPwLSkrfr,1,10/3/2022
983,abergstrand2a,50yFYgKdwJANZ5O9MIbMkg,4,2/8/2022
984,saggus2b,2Ti79nwTsont5ZHfdxIzAm,6,3/28/2023
985,vpresdie2c,3T4tUhGYeRNVUGevb0wThu,5,4/17/2022
986,gkoomar2d,7fRrTyKvE4Skh93v97gtcU,9,1/27/2023
987,cfernie2e,3HNnxK7NgLXbDoxRZxNWiR,7,8/7/2022
988,jsummerscales2f,1WMVvswNzB9i2UMh9svso5,10,9/5/2022
989,gmazey2g,5s0rmjP8XOPhP6HhqOhuyC,3,6/3/2022
990,dfawley2h,6kf46HbnYCZzP6rjvQHYzg,4,7/13/2022
991,anajara2i,33pt9HBdGlAbRGBHQgsZsU,5,11/2/2022
992,imaskew2j,2acDkDTWdNFie1HjcFa4Ny,4,6/22/2022
993,jpindar2k,5VdyJkLe3yvOs0l4xXbWp0,9,12/18/2022
994,kivushkin2l,2lATw9ZAVp7ILQcOKPCPqp,5,2/13/2022
995,efinlaison2m,2VP96XdMOKTXefI8Nui23s,1,4/17/2023
996,spenticost2n,4UNwL1B7JoymNUiTFJa52B,4,3/24/2023
997,kmacscherie2o,4eLPsYPBmXABThSJ821sqY,5,9/15/2022
998,mkapelhof2p,6DEjYFkNZh67HP7R9PSZvv,7,3/3/2022
999,mmickelwright2q,7yf9ZJyHRbp8sHtpDKfPpt,10,12/16/2022
1000,cschapero2r,0ETFjACtuP2ADo6LFhL6HN,7,6/8/2022
